{
  "project_info": {
    "project_number": "643034598701",
    "firebase_url": "https://mediico-cb770.firebaseio.com",
    "project_id": "mediico-cb770",
    "storage_bucket": "mediico-cb770.appspot.com"
  },
  "client": [
    {
      "client_info": {
        "mobilesdk_app_id": "1:643034598701:android:8626d11023bcc993",
        "android_client_info": {
          "package_name": "com.example.mediico"
        }
      },
      "oauth_client": [
        {
          "client_id": "643034598701-p0iugfrb5p7s7ic9beqeg5u3q5m2cv0i.apps.googleusercontent.com",
          "client_type": 3
        }
      ],
      "api_key": [
        {
          "current_key": "AIzaSyD5dkhfbAgL7090sr7bQ-foWfwaHzm86Mk"
        }
      ],
      "services": {
        "analytics_service": {
          "status": 1
        },
        "appinvite_service": {
          "status": 1,
          "other_platform_oauth_client": []
        },
        "ads_service": {
          "status": 2
        }
      }
    }
  ],
  "configuration_version": "1"
}